                  epoch,         train/box_loss,         train/seg_loss,         train/cls_loss,         train/dfl_loss,   metrics/precision(B),      metrics/recall(B),       metrics/mAP50(B),    metrics/mAP50-95(B),   metrics/precision(M),      metrics/recall(M),       metrics/mAP50(M),    metrics/mAP50-95(M),           val/box_loss,           val/seg_loss,           val/cls_loss,           val/dfl_loss,                 lr/pg0,                 lr/pg1,                 lr/pg2
                      0,                  2.373,                  3.523,                 5.1251,                 1.9975,                0.11987,                0.18421,                0.07295,                0.03192,                   0.04,                0.01316,                0.00156,                 0.0003,                 1.6904,                 1.8185,                 2.7064,                 1.7078,               0.067733,             0.00032593,             0.00032593
                      1,                 1.6146,                 1.8472,                 2.3049,                 1.4961,                0.66043,                0.65789,                0.62151,                0.47264,                0.42066,                0.31529,                0.18732,                0.04674,                0.81213,                0.99941,                 1.4622,                 1.1063,               0.034733,             0.00065922,             0.00065922
                      2,                 1.2711,                 1.4032,                 1.4844,                  1.243,                0.64035,                0.68421,                0.72469,                0.56771,                0.53198,                0.43421,                0.35606,                0.11561,                0.81783,                0.80877,                0.98116,                 1.0643,              0.0017331,             0.00099235,             0.00099235
                      3,                 1.0756,                 1.1614,                 1.1665,                 1.1409,                 0.6517,                0.73861,                0.68204,                0.52293,                0.53191,                0.53947,                0.46296,                0.14916,                0.68602,                0.67955,                0.84971,                0.97925,             0.00099945,             0.00099945,             0.00099945
                      4,                 1.0095,                 1.0633,                  1.016,                 1.0816,                0.70799,                 0.7976,                0.79707,                0.65694,                0.78119,                0.56579,                0.63461,                0.23482,                0.61568,                0.60831,                0.72666,                0.91524,             0.00099945,             0.00099945,             0.00099945
                      5,                 0.9757,                0.98036,                0.95466,                 1.0514,                0.84744,                0.73092,                0.84552,                0.71394,                0.92181,                0.67105,                0.75987,                0.30432,                0.61169,                 0.5553,                0.62215,                0.92394,             0.00099902,             0.00099902,             0.00099902
                      6,                 0.9003,                0.91079,                0.89047,                 1.0059,                0.87549,                0.73684,                0.86355,                0.73195,                0.89181,                0.69737,                0.76745,                0.35078,                0.57389,                0.49799,                0.57536,                0.90249,             0.00099847,             0.00099847,             0.00099847
                      7,                0.88381,                0.83106,                0.86523,                0.99906,                0.80133,                0.84919,                0.87224,                0.74811,                 0.8817,                0.68653,                0.77637,                0.35773,                0.55532,                0.48573,                0.58635,                0.89182,              0.0009978,              0.0009978,              0.0009978
                      8,                0.86566,                0.88723,                0.84647,                0.99175,                0.84486,                0.84211,                 0.8747,                0.75091,                 0.8189,                0.77348,                0.80087,                0.40295,                0.56049,                 0.4658,                0.56648,                0.87472,             0.00099701,             0.00099701,             0.00099701
                      9,                0.82644,                 0.8418,                0.80832,                0.97027,                0.87679,                0.78947,                0.88029,                0.74781,                0.83344,                0.72425,                0.80126,                0.39168,                0.60157,                0.45349,                0.53803,                0.86463,              0.0009961,              0.0009961,              0.0009961
                     10,                0.79523,                0.77413,                0.74313,                0.95407,                0.87266,                0.81158,                0.88023,                0.76449,                0.83028,                0.77246,                 0.8281,                0.41494,                0.54083,                 0.4339,                0.51826,                0.84219,             0.00099506,             0.00099506,             0.00099506
                     11,                0.79014,                0.74568,                0.71912,                0.95895,                 0.9038,                0.82895,                0.88922,                0.76159,                0.88721,                0.77632,                0.85104,                 0.4275,                0.56015,                0.43248,                0.49438,                0.84925,             0.00099391,             0.00099391,             0.00099391
                     12,                0.74698,                0.75178,                0.68954,                0.93734,                0.95945,                0.77632,                0.89051,                0.75955,                0.92693,                   0.75,                0.83774,                0.40921,                0.57912,                0.41351,                0.49247,                0.86444,             0.00099263,             0.00099263,             0.00099263
                     13,                0.75738,                0.74105,                0.65786,                0.93978,                0.94547,                0.76316,                0.89031,                0.76107,                0.82443,                0.80263,                0.82861,                0.42515,                0.56867,                0.40724,                 0.4572,                0.85421,             0.00099123,             0.00099123,             0.00099123
                     14,                0.72666,                0.69365,                0.62736,                0.93206,                0.83909,                0.82343,                0.88455,                0.75488,                0.81307,                0.80126,                0.84194,                 0.3966,                0.56031,                0.43216,                0.48103,                0.84561,             0.00098972,             0.00098972,             0.00098972
                     15,                0.75259,                0.73444,                0.62571,                0.93102,                0.92205,                0.77822,                 0.8924,                0.77007,                0.89094,                0.75243,                0.85719,                0.42854,                0.53989,                0.38879,                0.47549,                0.84742,             0.00098808,             0.00098808,             0.00098808
                     16,                0.71748,                0.73008,                0.61847,                0.91845,                0.94728,                0.80263,                0.90474,                0.75816,                0.91243,                0.77632,                 0.8653,                 0.4395,                 0.5539,                0.39188,                0.45294,                0.86994,             0.00098632,             0.00098632,             0.00098632
                     17,                0.67909,                0.69828,                0.56672,                0.91137,                0.91575,                0.82895,                 0.9012,                0.76759,                 0.8478,                0.80629,                0.85968,                  0.445,                0.53436,                0.39339,                0.44701,                0.87373,             0.00098445,             0.00098445,             0.00098445
                     18,                0.66393,                0.68335,                0.56441,                0.90434,                0.89046,                0.81579,                0.87792,                0.76197,                0.85701,                0.82895,                0.85858,                0.42318,                0.54344,                0.38704,                0.49078,                0.89685,             0.00098246,             0.00098246,             0.00098246
                     19,                0.68392,                 0.6557,                0.56458,                0.92518,                0.83378,                0.85802,                0.88047,                0.76292,                0.82125,                0.84638,                0.85816,                0.45063,                0.55233,                 0.3755,                0.47265,                0.87757,             0.00098035,             0.00098035,             0.00098035
                     20,                0.68153,                0.72171,                0.56281,                0.90486,                0.86445,                0.83918,                0.88399,                0.76377,                 0.8663,                0.80263,                0.84393,                0.40385,                0.55528,                 0.4022,                0.47256,                0.85383,             0.00097812,             0.00097812,             0.00097812
                     21,                0.65095,                0.66105,                0.53036,                0.90092,                0.91821,                0.81579,                0.90815,                0.78528,                0.94967,                0.74481,                0.84831,                0.43862,                0.54998,                0.37916,                0.45354,                0.84804,             0.00097577,             0.00097577,             0.00097577
                     22,                0.64022,                0.62534,                0.48844,                0.89078,                0.91621,                0.86334,                0.90984,                0.78465,                0.87705,                0.85526,                0.86828,                0.44888,                 0.5353,                0.38859,                0.42523,                0.85499,             0.00097331,             0.00097331,             0.00097331
                     23,                0.67643,                0.67589,                0.52038,                0.89976,                0.90931,                0.84211,                0.89711,                0.77445,                0.87771,                0.81579,                0.86636,                0.45257,                0.54032,                0.38234,                0.44976,                0.87466,             0.00097074,             0.00097074,             0.00097074
                     24,                0.63175,                0.67876,                0.49408,                0.89759,                0.94601,                0.80263,                0.89995,                0.77292,                0.93581,                0.76738,                0.87397,                 0.4581,                0.54049,                0.37287,                0.43482,                0.87109,             0.00096804,             0.00096804,             0.00096804
                     25,                0.60251,                 0.6254,                 0.4606,                0.88328,                0.92342,                0.79329,                0.90204,                0.76111,                0.87761,                0.75485,                0.85711,                0.44682,                0.52528,                0.36658,                0.46732,                0.87196,             0.00096524,             0.00096524,             0.00096524
                     26,                0.61554,                0.65007,                0.46241,                0.88608,                0.96763,                0.78657,                0.90635,                0.78909,                0.91918,                0.74823,                0.85275,                0.43786,                0.51025,                0.36808,                0.42303,                 0.8442,             0.00096232,             0.00096232,             0.00096232
                     27,                0.58893,                0.59619,                0.45568,                0.87242,                0.90011,                0.85526,                0.91965,                0.79162,                0.87182,                0.82895,                0.86799,                0.43967,                0.50086,                0.38775,                0.38807,                0.83096,             0.00095929,             0.00095929,             0.00095929
                     28,                0.60518,                0.62959,                0.46273,                0.87869,                0.94202,                0.85512,                0.91259,                0.78872,                0.90948,                0.82895,                0.87805,                 0.4631,                0.52341,                0.36337,                0.39911,                0.84646,             0.00095614,             0.00095614,             0.00095614
                     29,                0.59998,                0.58115,                0.47099,                0.88682,                0.88342,                0.82895,                0.87675,                0.76567,                0.85421,                0.80263,                0.83547,                0.44437,                0.50982,                0.37179,                0.46277,                0.85679,             0.00095289,             0.00095289,             0.00095289
                     30,                0.60945,                0.64003,                0.45447,                0.88583,                 0.9469,                0.78947,                0.90356,                0.78563,                 0.8439,                0.81579,                0.85219,                0.45809,                0.51435,                0.36723,                0.41582,                0.83981,             0.00094952,             0.00094952,             0.00094952
                     31,                0.59875,                0.64369,                0.43975,                0.87891,                0.92156,                0.80263,                0.87656,                0.76729,                0.87528,                0.78947,                0.85233,                0.45326,                0.56601,                0.36455,                0.42894,                0.85423,             0.00094605,             0.00094605,             0.00094605
                     32,                0.58856,                 0.6393,                0.44591,                 0.8773,                0.98072,                0.81579,                0.90248,                0.78448,                 0.9485,                0.78947,                0.86883,                0.44492,                0.56255,                0.38669,                0.39625,                0.87318,             0.00094246,             0.00094246,             0.00094246
                     33,                 0.5591,                0.59715,                0.40174,                0.87039,                0.98029,                0.78947,                0.91698,                0.77683,                0.96607,                0.74938,                0.84741,                0.44607,                0.58171,                0.37623,                0.42734,                0.88094,             0.00093877,             0.00093877,             0.00093877
                     34,                0.57502,                 0.5818,                0.41862,                 0.8758,                0.96927,                0.82994,                0.91068,                0.77072,                0.90093,                0.83764,                0.86348,                0.43623,                  0.572,                0.37918,                0.41631,                0.86678,             0.00093497,             0.00093497,             0.00093497
                     35,                0.57647,                0.57557,                0.41098,                0.87167,                0.94554,                0.81579,                0.90504,                0.78604,                0.89979,                0.77632,                0.86216,                0.44934,                0.54684,                0.36094,                0.42981,                0.87577,             0.00093107,             0.00093107,             0.00093107
                     36,                0.56327,                0.55074,                0.41321,                0.85804,                0.90999,                0.88158,                0.90838,                0.78659,                0.87666,                0.85526,                0.85525,                0.45008,                0.53435,                0.36168,                0.40567,                0.86613,             0.00092706,             0.00092706,             0.00092706
                     37,                0.57466,                0.59443,                0.42459,                0.86509,                0.91455,                0.85526,                0.90639,                0.79647,                0.88597,                0.82895,                0.86646,                0.46591,                 0.4867,                0.37448,                0.38251,                0.86124,             0.00092294,             0.00092294,             0.00092294
                     38,                 0.5579,                0.56736,                0.40547,                0.86324,                0.93124,                0.89109,                0.92295,                0.80043,                0.90374,                0.86477,                0.87846,                0.47362,                0.47348,                  0.362,                0.37707,                0.85111,             0.00091872,             0.00091872,             0.00091872
                     39,                0.55197,                0.57613,                0.39953,                0.86246,                  0.984,                0.85526,                  0.911,                 0.7996,                0.95517,                0.84211,                0.89741,                0.47727,                0.50183,                0.37014,                0.38079,                0.87224,              0.0009144,              0.0009144,              0.0009144
                     40,                0.56029,                0.58837,                0.39651,                0.85875,                0.95602,                0.85802,                0.92658,                0.81122,                0.94136,                0.84486,                0.89731,                0.47357,                0.50152,                0.36511,                0.39314,                0.90207,             0.00090998,             0.00090998,             0.00090998
                     41,                0.54268,                0.58312,                0.41296,                0.86165,                0.93784,                0.84211,                0.89793,                0.78354,                 0.8984,                0.81444,                0.82435,                0.43528,                0.52623,                0.38767,                 0.4582,                0.89992,             0.00090546,             0.00090546,             0.00090546
                     42,                0.52684,                0.54465,                0.38027,                0.86277,                0.92004,                0.84211,                0.88429,                0.78724,                0.88571,                0.80263,                0.82789,                0.44556,                0.49939,                0.35364,                0.45467,                0.88928,             0.00090084,             0.00090084,             0.00090084
                     43,                0.52734,                0.50901,                0.39512,                0.86453,                0.92752,                0.84186,                0.91258,                0.79325,                0.91302,                0.82871,                0.88135,                0.47128,                0.51072,                0.35824,                 0.4412,                0.91116,             0.00089613,             0.00089613,             0.00089613
                     44,                0.53011,                0.54468,                0.37619,                0.85893,                0.95212,                0.86842,                0.92223,                0.80676,                0.91646,                0.86615,                 0.8871,                0.47148,                0.49342,                0.35585,                0.37113,                0.90064,             0.00089131,             0.00089131,             0.00089131
                     45,                0.51805,                 0.5289,                0.36595,                 0.8463,                0.92626,                0.82645,                0.90763,                0.77655,                0.88209,                0.78748,                0.83826,                 0.4607,                0.52087,                0.35736,                0.45832,                0.87521,              0.0008864,              0.0008864,              0.0008864
                     46,                0.52085,                0.53728,                0.37095,                 0.8508,                0.89886,                0.84211,                0.89794,                0.79342,                0.88473,                0.82895,                0.87407,                0.46879,                0.48921,                0.34765,                0.41513,                0.86007,              0.0008814,              0.0008814,              0.0008814
                     47,                0.51913,                 0.5451,                0.37911,                0.85572,                0.95176,                0.80263,                0.88922,                0.78457,                0.91917,                0.77632,                0.84392,                0.44973,                0.50715,                 0.3756,                0.40966,                0.86112,              0.0008763,              0.0008763,              0.0008763
                     48,                0.50564,                0.49862,                 0.3614,                0.85407,                0.94273,                0.84211,                0.92371,                0.78858,                0.88623,                0.80263,                0.85242,                0.46761,                0.51501,                0.35334,                0.39949,                0.85222,             0.00087112,             0.00087112,             0.00087112
                     49,                0.51055,                0.54843,                0.37155,                 0.8408,                0.96538,                0.82895,                0.92934,                0.80249,                0.90648,                0.77632,                0.83255,                0.45807,                0.49418,                0.37089,                0.37624,                0.85158,             0.00086584,             0.00086584,             0.00086584
                     50,                0.51526,                0.53265,                0.36719,                0.85756,                0.95085,                0.82895,                0.90453,                0.79351,                0.91548,                   0.75,                0.82525,                0.44081,                0.49639,                0.36676,                0.38746,                0.87758,             0.00086047,             0.00086047,             0.00086047
                     51,                0.50642,                0.50517,                0.35418,                0.84888,                0.98424,                0.82193,                0.90674,                0.80014,                0.93698,                0.78261,                0.85292,                 0.4498,                0.46042,                0.37046,                  0.397,                0.88135,             0.00085502,             0.00085502,             0.00085502
                     52,                0.49318,                0.50931,                 0.3518,                0.84064,                0.89089,                0.85953,                0.89972,                0.79782,                0.88725,                0.82838,                0.85997,                0.46526,                0.44783,                0.36314,                 0.4235,                0.86833,             0.00084948,             0.00084948,             0.00084948
                     53,                0.46927,                0.49742,                0.33886,                0.84131,                0.96964,                 0.8405,                0.90716,                0.79914,                0.90894,                0.78803,                0.83479,                0.44939,                0.47506,                0.36553,                 0.4124,                0.85993,             0.00084385,             0.00084385,             0.00084385
                     54,                0.50656,                0.54553,                0.35531,                0.84705,                0.95479,                0.85526,                0.91799,                0.81137,                0.89563,                0.80263,                 0.8463,                0.46888,                0.47423,                0.38161,                 0.3806,                0.84679,             0.00083814,             0.00083814,             0.00083814
                     55,                0.50211,                0.52211,                0.34456,                0.84035,                0.95837,                0.85526,                0.91633,                0.81295,                0.91334,                0.81579,                0.85937,                0.47142,                0.49384,                0.38283,                0.37998,                0.83952,             0.00083235,             0.00083235,             0.00083235
                     56,                0.48295,                 0.5043,                0.33719,                0.85222,                0.95503,                0.84211,                0.91426,                0.80978,                0.95497,                0.80263,                0.87411,                0.48842,                0.50208,                0.35962,                0.39552,                0.84994,             0.00082648,             0.00082648,             0.00082648
                     57,                0.50688,                0.55683,                0.35476,                0.84905,                0.92937,                0.86569,                 0.9168,                0.79953,                0.91525,                0.85261,                0.90505,                0.47937,                0.50457,                0.35507,                0.41132,                0.84846,             0.00082052,             0.00082052,             0.00082052
                     58,                0.49349,                0.54012,                0.33641,                0.84372,                0.93382,                0.85526,                0.91661,                0.80079,                 0.8899,                0.81579,                 0.8636,                0.48026,                 0.4985,                0.36291,                 0.3913,                 0.8501,              0.0008145,              0.0008145,              0.0008145
                     59,                 0.4865,                0.55589,                0.34881,                0.84472,                0.98448,                0.83454,                0.91738,                0.80679,                0.95343,                0.80823,                0.88896,                0.51712,                0.47866,                0.33139,                0.36731,                0.85743,             0.00080839,             0.00080839,             0.00080839
                     60,                0.48175,                0.52726,                0.34942,                 0.8425,                0.95624,                0.86269,                0.90536,                0.80965,                0.91251,                0.82343,                0.85628,                0.48095,                0.47599,                0.37066,                0.39651,                0.87145,             0.00080221,             0.00080221,             0.00080221
                     61,                0.48542,                0.51141,                0.33839,                0.84299,                0.96873,                0.85526,                0.89406,                0.78855,                0.92372,                0.81579,                  0.851,                0.50013,                0.47716,                0.34328,                0.41183,                0.90493,             0.00079595,             0.00079595,             0.00079595
                     62,                0.51974,                0.53123,                0.41803,                 0.8707,                0.96461,                0.82895,                0.89618,                0.79014,                0.91858,                0.78947,                0.84302,                0.48942,                0.48993,                0.34227,                0.40011,                0.91124,             0.00078963,             0.00078963,             0.00078963
                     63,                0.47729,                0.51242,                0.33681,                0.83941,                0.96833,                0.84211,                0.90031,                0.79393,                 0.9379,                0.81579,                0.85551,                0.48405,                0.48163,                0.33562,                0.38131,                0.88807,             0.00078323,             0.00078323,             0.00078323
                     64,                 0.4743,                0.50126,                 0.3302,                0.84372,                0.92895,                0.86842,                0.89739,                0.79149,                0.88656,                0.82895,                  0.842,                0.47039,                0.47575,                0.34953,                0.40072,                0.84546,             0.00077677,             0.00077677,             0.00077677
                     65,                0.49065,                0.53169,                0.33919,                0.83718,                      1,                0.82831,                0.90253,                0.80126,                0.95215,                0.78553,                0.85972,                0.47707,                 0.4517,                0.35589,                0.38196,                0.82612,             0.00077023,             0.00077023,             0.00077023
                     66,                 0.4746,                0.52137,                0.33164,                0.84327,                0.92899,                0.88158,                0.89876,                0.80947,                0.88713,                0.84211,                0.85019,                0.47103,                0.44593,                0.34018,                0.38742,                0.81275,             0.00076364,             0.00076364,             0.00076364
                     67,                0.45628,                0.48505,                0.32457,                0.83815,                0.96274,                0.82895,                0.91134,                0.80444,                0.90111,                0.76316,                0.83085,                0.47423,                0.44519,                0.34951,                0.36918,                0.83399,             0.00075698,             0.00075698,             0.00075698
                     68,                0.43929,                0.47433,                0.34418,                0.82127,                0.95396,                0.84211,                0.90226,                0.80715,                0.91665,                   0.75,                 0.8325,                0.47271,                0.44328,                0.36276,                0.35238,                0.84469,             0.00075025,             0.00075025,             0.00075025
                     69,                0.44079,                 0.4623,                0.30716,                0.82825,                0.96961,                0.83977,                0.90838,                 0.8073,                0.90886,                0.78728,                0.84568,                0.47718,                0.46333,                0.35188,                0.38837,                0.84898,             0.00074347,             0.00074347,             0.00074347
                     70,                0.45857,                 0.4898,                 0.3185,                0.83459,                0.92992,                0.88158,                0.91953,                0.81754,                0.88787,                0.84211,                0.86681,                0.46566,                0.46158,                0.35324,                0.35262,                0.84101,             0.00073663,             0.00073663,             0.00073663
                     71,                0.46766,                0.51526,                0.34591,                0.85055,                0.95148,                0.85526,                0.91389,                0.81666,                0.90757,                0.81579,                0.87791,                0.50414,                0.47952,                0.34229,                0.36266,                0.83954,             0.00072973,             0.00072973,             0.00072973
                     72,                0.45464,                0.49599,                0.32443,                0.83334,                0.96938,                0.86842,                0.92759,                0.81535,                0.92508,                0.82895,                0.87444,                0.50786,                0.47254,                0.34227,                0.37207,                0.83701,             0.00072277,             0.00072277,             0.00072277
                     73,                0.48043,                0.54069,                0.33799,                 0.8492,                      1,                0.81227,                0.91565,                0.79342,                 0.9514,                 0.7728,                0.85572,                0.47911,                0.48555,                0.34028,                0.41356,                0.86147,             0.00071576,             0.00071576,             0.00071576
                     74,                0.45063,                0.48591,                 0.3151,                0.83728,                0.96554,                0.85526,                0.91324,                0.79206,                0.93574,                0.82895,                0.88241,                0.47882,                0.49039,                0.34919,                 0.3891,                 0.8519,              0.0007087,              0.0007087,              0.0007087
                     75,                0.46038,                0.48712,                0.31757,                0.83887,                 0.9283,                0.86842,                0.89868,                0.79652,                0.91423,                0.85526,                0.88748,                0.49164,                 0.4731,                0.34452,                0.39627,                0.84388,             0.00070159,             0.00070159,             0.00070159
                     76,                0.45614,                0.45732,                0.32438,                0.83641,                0.98135,                0.81579,                0.88414,                0.77492,                0.94943,                0.78947,                0.86109,                0.49081,                0.46708,                0.33718,                0.41725,                0.85011,             0.00069443,             0.00069443,             0.00069443
                     77,                0.43595,                0.47994,                0.31992,                0.83475,                0.98506,                0.86764,                0.89618,                0.79345,                0.95519,                0.84145,                 0.8653,                0.47595,                0.46656,                0.33952,                 0.3798,                0.84856,             0.00068722,             0.00068722,             0.00068722
                     78,                0.47236,                0.47175,                0.31675,                0.84578,                0.98455,                0.83862,                0.90376,                0.79701,                0.95368,                0.81267,                0.86763,                0.48287,                0.47438,                0.35289,                0.38931,                 0.8575,             0.00067997,             0.00067997,             0.00067997
                     79,                0.45639,                0.48706,                0.32213,                0.83904,                0.92737,                0.84009,                0.88703,                0.79277,                0.89835,                  0.814,                0.85426,                 0.4993,                0.50367,                0.33541,                0.45208,                0.88616,             0.00067268,             0.00067268,             0.00067268
                     80,                0.45923,                 0.5439,                0.32627,                0.84321,                0.96899,                0.82248,                0.90575,                0.79978,                0.92255,                0.78368,                 0.8639,                0.48439,                0.48895,                0.33582,                0.42738,                 0.8698,             0.00066534,             0.00066534,             0.00066534
                     81,                0.43627,                  0.461,                0.31073,                0.83093,                0.98147,                0.82895,                0.91192,                0.80322,                0.95019,                0.80263,                0.87895,                0.48976,                0.48346,                0.34645,                 0.4089,                0.85978,             0.00065796,             0.00065796,             0.00065796
                     82,                0.43353,                0.46895,                0.30805,                0.82281,                0.98039,                0.82895,                0.89607,                0.80574,                0.94918,                0.80263,                0.86687,                0.50343,                 0.4727,                0.34972,                0.39819,                 0.8411,             0.00065055,             0.00065055,             0.00065055
                     83,                0.42019,                0.49475,                0.29678,                0.82868,                0.95341,                0.85526,                0.90279,                0.80711,                0.92393,                0.82895,                0.86805,                 0.5149,                0.49098,                 0.3466,                0.37484,                0.83757,              0.0006431,              0.0006431,              0.0006431
                     84,                0.43641,                0.44169,                0.30175,                  0.833,                0.96765,                0.82895,                0.89423,                0.80284,                0.92145,                0.78947,                0.84812,                0.50093,                0.46834,                0.35034,                0.36957,                0.82321,             0.00063562,             0.00063562,             0.00063562
                     85,                0.42465,                0.44104,                0.29286,                0.82541,                0.95055,                0.81579,                0.89503,                 0.7992,                0.90449,                0.77632,                0.84577,                0.50384,                0.48128,                0.34334,                0.41344,                0.82374,              0.0006281,              0.0006281,              0.0006281
                     86,                0.43172,                0.46344,                 0.3066,                0.82436,                0.98408,                0.81344,                0.90125,                0.80536,                0.95226,                0.78737,                0.86947,                0.51663,                0.49096,                0.32983,                0.38975,                0.84517,             0.00062056,             0.00062056,             0.00062056
                     87,                0.45683,                0.53247,                0.31721,                0.83843,                      1,                0.81083,                0.91208,                0.80462,                0.95131,                0.77136,                0.86697,                0.50942,                0.46346,                0.33506,                0.40097,                0.84048,             0.00061298,             0.00061298,             0.00061298
                     88,                0.43614,                 0.4677,                0.30553,                0.82885,                 0.9694,                0.84211,                0.92403,                0.81504,                0.92376,                0.80263,                 0.8758,                0.51245,                0.47101,                 0.3302,                0.37406,                0.85493,             0.00060538,             0.00060538,             0.00060538
                     89,                0.43464,                0.48572,                0.31188,                0.83246,                0.99699,                0.84211,                0.92311,                0.80821,                0.93461,                0.78947,                0.85741,                0.50293,                0.47521,                0.33524,                0.36882,                0.84826,             0.00059775,             0.00059775,             0.00059775
                     90,                0.42943,                 0.4565,                0.30108,                0.82553,                0.93899,                0.86842,                0.91718,                0.80174,                0.89601,                0.82895,                 0.8599,                0.47884,                0.47979,                0.35099,                0.38764,                0.85379,              0.0005901,              0.0005901,              0.0005901
                     91,                0.42206,                0.46016,                0.29594,                0.83061,                0.96634,                0.82895,                0.91373,                0.80508,                0.86225,                0.80263,                0.84047,                0.47637,                0.47768,                0.35938,                0.40959,                0.85203,             0.00058244,             0.00058244,             0.00058244
                     92,                0.43184,                0.45924,                0.30123,                 0.8321,                0.93038,                0.87918,                0.91499,                0.80957,                0.90255,                0.85304,                0.88786,                0.52041,                0.47533,                0.33957,                0.40674,                0.84719,             0.00057475,             0.00057475,             0.00057475
                     93,                0.42196,                 0.4373,                0.29852,                0.82516,                0.99618,                0.82895,                0.92044,                0.80721,                0.96444,                0.80263,                0.88806,                0.50779,                 0.4752,                0.35655,                0.38105,                0.84842,             0.00056704,             0.00056704,             0.00056704
                     94,                0.43932,                0.45047,                 0.3013,                0.83065,                 0.9719,                0.85526,                0.90656,                0.81139,                 0.9114,                0.80263,                0.84194,                0.51986,                0.45341,                0.34016,                0.38182,                0.84625,             0.00055932,             0.00055932,             0.00055932
                     95,                0.42997,                0.48995,                0.30651,                0.82762,                0.98481,                0.85335,                0.92185,                0.80822,                0.90153,                0.81579,                0.84681,                0.51167,                0.46987,                0.33755,                0.36698,                0.84547,             0.00055158,             0.00055158,             0.00055158
                     96,                 0.4217,                0.42855,                0.28925,                0.82613,                0.99874,                0.84211,                0.91971,                0.79709,                0.98303,                0.82895,                0.89511,                0.50136,                0.47101,                0.34004,                0.39107,                0.85531,             0.00054384,             0.00054384,             0.00054384
                     97,                0.42219,                0.45896,                 0.2982,                 0.8261,                      1,                 0.8632,                0.91047,                0.80091,                0.95428,                0.82387,                0.85651,                0.50985,                0.47338,                0.34513,                0.39577,                0.87829,             0.00053608,             0.00053608,             0.00053608
                     98,                0.41073,                0.43034,                0.28468,                0.82466,                0.99372,                0.84211,                0.92289,                0.81471,                0.96247,                0.81579,                0.88161,                0.50677,                0.47445,                0.35551,                0.38894,                0.89973,             0.00052832,             0.00052832,             0.00052832
                     99,                0.40354,                0.41867,                0.28319,                0.82396,                0.97875,                0.85526,                0.91767,                0.80861,                0.93342,                0.81579,                0.85751,                0.50018,                0.46701,                0.34928,                0.38967,                0.88673,             0.00052055,             0.00052055,             0.00052055
                    100,                 0.4101,                0.45351,                0.29185,                0.82003,                 0.9975,                0.84211,                0.91975,                0.80445,                0.95069,                0.80263,                0.85996,                0.49376,                0.48034,                0.35166,                0.39721,                 0.8887,             0.00051278,             0.00051278,             0.00051278
                    101,                0.43157,                0.45053,                 0.2899,                0.83143,                0.96976,                0.85526,                0.91686,                0.81254,                 0.9093,                0.80263,                0.85086,                0.50426,                0.45523,                0.33781,                 0.4055,                0.86675,               0.000505,               0.000505,               0.000505
                    102,                0.40575,                0.46385,                0.28039,                0.82087,                0.99443,                0.82895,                 0.9126,                0.80998,                0.93117,                0.77632,                0.84645,                0.51235,                 0.4592,                0.34419,                  0.401,                0.87521,             0.00049722,             0.00049722,             0.00049722
                    103,                0.40117,                0.44506,                0.28215,                0.82252,                0.98078,                0.85526,                0.91755,                 0.8106,                0.91934,                0.80263,                0.85496,                0.48493,                0.45789,                0.35451,                0.40126,                0.86973,             0.00048945,             0.00048945,             0.00048945
                    104,                0.41273,                 0.4437,                0.28761,                 0.8226,                      1,                 0.8398,                0.91884,                0.81959,                0.95301,                0.80064,                0.86004,                0.50272,                0.45048,                0.34126,                0.40501,                0.85386,             0.00048168,             0.00048168,             0.00048168
                    105,                0.40194,                0.42982,                0.27987,                0.81984,                      1,                0.84045,                0.92029,                0.80359,                0.94982,                0.78947,                 0.8524,                0.49501,                0.47665,                0.36685,                0.40959,                0.86794,             0.00047392,             0.00047392,             0.00047392
                    106,                0.41296,                0.46409,                 0.2877,                0.82588,                0.98271,                0.84211,                0.92192,                0.80801,                0.94461,                0.80263,                0.87973,                0.50072,                0.46329,                0.33718,                0.41759,                0.84729,             0.00046616,             0.00046616,             0.00046616
                    107,                0.40487,                0.43119,                0.28287,                  0.821,                0.98432,                0.82587,                0.91894,                0.80583,                0.95296,                0.79975,                0.88324,                0.51402,                0.46901,                0.34551,                 0.4158,                0.84722,             0.00045842,             0.00045842,             0.00045842
                    108,                0.39904,                0.39668,                0.28027,                0.82164,                      1,                0.83772,                0.91054,                0.81356,                 0.9686,                0.81173,                0.88156,                0.49827,                0.44844,                0.35759,                0.38322,                0.82994,             0.00045068,             0.00045068,             0.00045068
                    109,                0.39655,                0.42403,                0.27816,                0.82464,                0.95373,                0.84211,                 0.9153,                0.81471,                0.92357,                0.81579,                0.88354,                0.50014,                0.45275,                0.36659,                0.40528,                0.82259,             0.00044296,             0.00044296,             0.00044296
                    110,                0.39838,                0.45505,                0.27972,                0.82306,                0.96479,                0.82895,                0.91421,                0.81015,                0.93392,                0.80263,                0.88564,                0.50493,                0.44344,                0.36117,                0.37426,                0.82768,             0.00043525,             0.00043525,             0.00043525
                    111,                 0.4189,                 0.4565,                0.28127,                0.82435,                0.98451,                0.83643,                0.92175,                0.81235,                0.95355,                0.81037,                0.89245,                0.51007,                0.44387,                0.34792,                0.36372,                0.82857,             0.00042756,             0.00042756,             0.00042756
                    112,                0.40138,                0.44104,                0.27647,                0.81837,                0.98459,                0.84062,                0.92103,                0.81098,                0.93827,                0.79996,                0.87804,                0.50643,                0.44404,                0.34995,                0.36883,                0.84994,              0.0004199,              0.0004199,              0.0004199
                    113,                0.40011,                 0.4398,                0.28101,                0.81954,                 0.9822,                0.84211,                0.91739,                0.82113,                0.95151,                0.81579,                0.88461,                 0.4925,                0.44848,                0.34798,                0.40312,                 0.8613,             0.00041225,             0.00041225,             0.00041225
                    114,                0.41251,                0.41597,                0.29021,                0.82712,                0.98431,                0.82548,                0.90559,                0.81156,                0.95294,                 0.7994,                0.88295,                0.48291,                0.45194,                0.37072,                0.42202,                 0.8696,             0.00040462,             0.00040462,             0.00040462
                    115,                0.39563,                0.43786,                 0.2819,                0.82518,                 0.9844,                0.83017,                0.91178,                0.80835,                0.95332,                0.80618,                0.89046,                0.48858,                0.44811,                0.35686,                0.39561,                0.86542,             0.00039702,             0.00039702,             0.00039702
                    116,                0.40855,                0.45012,                0.28942,                0.82395,                0.95449,                0.85526,                0.91014,                0.80823,                0.94725,                0.78947,                 0.8757,                0.49305,                0.45675,                0.35265,                0.38723,                0.86533,             0.00038944,             0.00038944,             0.00038944
                    117,                0.39918,                0.47801,                0.28206,                0.82435,                0.93993,                0.85526,                0.90778,                0.79976,                0.91085,                0.82895,                0.87473,                0.50566,                0.49612,                0.35763,                0.42748,                0.87688,              0.0003819,              0.0003819,              0.0003819
                    118,                0.37144,                0.39296,                0.26439,                0.81368,                0.91536,                0.85377,                0.91657,                0.80711,                0.88714,                0.82746,                0.89112,                0.50099,                 0.4777,                0.35436,                0.41676,                0.86628,             0.00037438,             0.00037438,             0.00037438
                    119,                0.38765,                0.41755,                0.27497,                0.81948,                0.98436,                 0.8282,                 0.9233,                0.82047,                0.93757,                0.79042,                0.87335,                0.50628,                0.46044,                0.35235,                0.37224,                0.86167,              0.0003669,              0.0003669,              0.0003669
                    120,                0.38982,                0.43922,                0.27798,                0.81466,                0.98238,                0.84211,                0.92075,                0.81713,                 0.9361,                0.80263,                0.87087,                0.51961,                0.46658,                0.35296,                 0.3582,                0.86428,             0.00035945,             0.00035945,             0.00035945
                    121,                0.37853,                0.40625,                0.26528,                 0.8136,                      1,                0.81166,                0.90426,                0.80994,                0.95139,                0.77268,                0.86099,                0.51801,                0.45607,                 0.3563,                0.39616,                 0.8584,             0.00035204,             0.00035204,             0.00035204
                    122,                 0.3906,                0.42206,                0.26839,                0.81771,                0.97584,                0.81579,                0.90303,                0.80943,                0.94419,                0.78947,                0.88312,                  0.517,                 0.4616,                0.36012,                0.40544,                0.85415,             0.00034466,             0.00034466,             0.00034466
                    123,                0.40427,                0.46038,                0.27924,                0.81836,                0.96507,                0.84211,                0.90881,                0.81034,                 0.9348,                0.81579,                0.88919,                0.51875,                0.46594,                0.35224,                0.40964,                0.85116,             0.00033732,             0.00033732,             0.00033732
                    124,                0.38407,                0.46039,                0.26973,                0.82512,                 0.9672,                0.84211,                0.92004,                0.81778,                0.93691,                0.81579,                0.89616,                0.51126,                0.45515,                0.35723,                0.37209,                0.83885,             0.00033003,             0.00033003,             0.00033003
                    125,                0.37779,                0.43453,                0.26646,                0.81315,                0.97893,                0.84211,                0.92116,                0.82145,                 0.9322,                0.80263,                 0.8807,                0.52575,                0.45211,                0.34767,                0.37563,                0.83903,             0.00032278,             0.00032278,             0.00032278
                    126,                0.36947,                0.43665,                0.27564,                0.81441,                0.95331,                0.85526,                 0.9238,                 0.8306,                0.90908,                0.81579,                0.88056,                0.52714,                0.45781,                0.34548,                0.37293,                0.84585,             0.00031557,             0.00031557,             0.00031557
                    127,                0.38202,                0.40512,                0.26476,                0.82304,                0.96714,                0.84211,                0.92086,                0.81969,                0.93671,                0.81579,                0.89788,                0.51917,                0.45817,                0.35121,                0.37215,                0.85142,             0.00030841,             0.00030841,             0.00030841
                    128,                0.36901,                0.39362,                0.26341,                0.81993,                0.95274,                0.85526,                0.91597,                0.81384,                0.92336,                0.82895,                 0.8935,                 0.5302,                0.45297,                0.34093,                0.37552,                0.86232,              0.0003013,              0.0003013,              0.0003013
                    129,                0.38658,                0.41698,                0.27282,                0.81874,                0.99161,                0.85526,                 0.9196,                0.82167,                0.96043,                0.82895,                0.89739,                0.51888,                0.45164,                0.34346,                0.37535,                0.86615,             0.00029424,             0.00029424,             0.00029424
                    130,                0.38322,                0.44719,                0.28176,                0.81896,                      1,                0.85133,                0.92358,                0.82374,                0.96909,                0.82513,                0.89801,                0.51303,                0.43422,                0.35983,                0.34132,                0.86129,             0.00028723,             0.00028723,             0.00028723
                    131,                0.38698,                0.42008,                0.26946,                0.81463,                0.99792,                0.84211,                0.92455,                0.81644,                0.95073,                0.80263,                0.87893,                0.50237,                0.44232,                0.35476,                0.35142,                0.86274,             0.00028027,             0.00028027,             0.00028027
                    132,                 0.3738,                0.41549,                0.26284,                 0.8134,                0.97762,                0.84211,                0.92208,                0.82352,                0.95017,                0.81579,                0.89851,                 0.5155,                0.43616,                0.34399,                0.35634,                0.86373,             0.00027337,             0.00027337,             0.00027337
                    133,                0.38486,                0.45596,                0.26861,                0.82369,                0.98475,                0.84997,                0.91996,                0.81434,                0.93903,                0.81063,                0.87606,                0.51296,                 0.4592,                0.35731,                0.36554,                0.87348,             0.00026653,             0.00026653,             0.00026653
                    134,                0.37361,                0.41506,                0.26584,                0.81873,                0.99535,                0.84211,                0.91761,                0.81903,                0.96302,                0.81579,                0.88905,                 0.5132,                0.45277,                0.34654,                0.37675,                0.86997,             0.00025975,             0.00025975,             0.00025975
                    135,                0.38473,                0.44953,                0.27158,                 0.8184,                0.97604,                0.84211,                0.91668,                0.81648,                0.94532,                0.81579,                0.88722,                0.51196,                0.46694,                0.36097,                0.38715,                0.86854,             0.00025302,             0.00025302,             0.00025302
                    136,                0.38157,                0.42102,                0.26978,                0.82046,                0.99223,                0.81579,                0.91561,                0.82021,                0.96005,                0.78947,                0.88737,                0.52008,                0.46377,                0.36562,                0.38361,                0.86526,             0.00024636,             0.00024636,             0.00024636
                    137,                0.37278,                0.42011,                0.25966,                0.81736,                 0.9608,                0.84211,                0.92138,                0.82252,                0.93046,                0.81579,                0.89122,                0.51517,                 0.4579,                 0.3531,                0.37782,                0.85317,             0.00023977,             0.00023977,             0.00023977
                    138,                0.37013,                0.40478,                0.25675,                0.81619,                 0.9399,                0.85526,                0.92098,                 0.8164,                0.91091,                0.82895,                0.88244,                0.51301,                0.44995,                 0.3554,                0.36713,                0.84899,             0.00023323,             0.00023323,             0.00023323
                    139,                0.37525,                0.44551,                0.26534,                0.81343,                0.95995,                0.82895,                0.91952,                0.81843,                0.92948,                0.80263,                0.89683,                0.51381,                0.44656,                0.35566,                0.37439,                0.84541,             0.00022677,             0.00022677,             0.00022677
                    140,                0.37023,                0.40591,                0.26043,                0.81775,                0.95984,                0.82895,                0.91404,                0.80626,                0.94461,                0.81579,                0.89809,                0.52537,                0.45766,                0.34877,                0.38348,                0.85988,             0.00022037,             0.00022037,             0.00022037
                    141,                0.38345,                0.41574,                0.27097,                0.81868,                      1,                0.82751,                 0.9147,                0.81352,                 0.9841,                0.81451,                0.88924,                0.52361,                0.45952,                0.35472,                0.39309,                0.85935,             0.00021405,             0.00021405,             0.00021405
                    142,                 0.3635,                0.39386,                0.26031,                0.81606,                      1,                 0.8537,                0.91587,                0.80792,                0.96918,                 0.8275,                0.87682,                0.51372,                0.46641,                0.35722,                0.38452,                0.86458,             0.00020779,             0.00020779,             0.00020779
                    143,                0.36581,                0.42441,                0.25816,                0.80982,                      1,                0.85491,                 0.9165,                0.81361,                0.96922,                 0.8287,                0.89047,                0.52724,                0.46215,                0.35187,                0.38582,                0.87295,             0.00020161,             0.00020161,             0.00020161
                    144,                0.36975,                0.42041,                0.26156,                0.81965,                      1,                0.85311,                0.92056,                0.81454,                0.96916,                 0.8269,                0.88919,                 0.5164,                0.46769,                0.35743,                0.37269,                0.88267,              0.0001955,              0.0001955,              0.0001955
                    145,                0.35339,                0.38406,                0.25265,                0.80825,                 0.9957,                0.84211,                0.91867,                0.81228,                0.94879,                0.80263,                0.87123,                0.52141,                0.46828,                0.35178,                0.37802,                0.88369,             0.00018948,             0.00018948,             0.00018948
                    146,                0.38299,                 0.4172,                0.29483,                0.82435,                0.99382,                0.84211,                0.92163,                0.81633,                0.96238,                0.81579,                0.89952,                0.52399,                0.46228,                0.35875,                0.37486,                0.88137,             0.00018352,             0.00018352,             0.00018352
                    147,                0.36393,                0.38534,                0.26457,                0.81573,                0.98955,                0.84211,                0.92038,                0.81338,                0.94238,                0.80263,                 0.8814,                0.51533,                 0.4751,                0.36466,                0.37246,                0.89597,             0.00017765,             0.00017765,             0.00017765
                    148,                0.36729,                 0.3972,                0.26478,                0.81424,                0.99592,                0.84211,                0.92373,                0.81152,                0.94913,                0.80263,                0.87518,                0.51692,                0.46699,                0.35601,                0.36041,                0.89499,             0.00017186,             0.00017186,             0.00017186
                    149,                0.37403,                0.37287,                 0.2636,                0.81826,                0.99695,                0.84211,                0.92263,                0.80876,                0.96572,                0.81579,                 0.8953,                0.52182,                 0.4741,                0.35598,                0.35316,                0.89249,             0.00016615,             0.00016615,             0.00016615
                    150,                0.37444,                0.43115,                0.26446,                0.81244,                0.99456,                0.84211,                0.92253,                0.81437,                 0.9633,                0.81579,                0.90204,                0.52676,                0.47628,                0.36365,                0.38599,                0.89978,             0.00016052,             0.00016052,             0.00016052
                    151,                0.38296,                0.44285,                0.27986,                0.81732,                0.98458,                   0.84,                0.92305,                0.81924,                0.93836,                0.80123,                0.87371,                0.52352,                0.46508,                0.36014,                0.37964,                0.89499,             0.00015498,             0.00015498,             0.00015498
                    152,                0.37179,                0.41244,                0.26175,                0.81857,                0.96488,                0.84211,                0.92107,                0.81405,                0.91965,                0.80263,                0.87296,                0.51719,                0.46726,                0.35358,                0.38219,                0.88983,             0.00014953,             0.00014953,             0.00014953
                    153,                0.35964,                0.37518,                0.25704,                0.81187,                0.96741,                0.84211,                0.91865,                0.81507,                0.92189,                0.80263,                0.87446,                 0.5125,                0.46749,                0.36194,                0.38303,                 0.8848,             0.00014416,             0.00014416,             0.00014416
                    154,                0.35675,                 0.3968,                0.25583,                0.81722,                 0.9649,                0.84211,                 0.9192,                0.81597,                0.91786,                0.80263,                 0.8744,                0.51613,                0.46595,                0.35631,                0.39365,                0.87826,             0.00013888,             0.00013888,             0.00013888
                    155,                0.37819,                0.42796,                0.26325,                0.81093,                0.98489,                0.82895,                0.92245,                0.81918,                0.95321,                0.80414,                 0.8854,                0.51213,                0.45868,                0.35847,                0.37298,                0.87462,              0.0001337,              0.0001337,              0.0001337
                    156,                0.36322,                0.40008,                0.26134,                0.81395,                      1,                0.83434,                0.92645,                0.81743,                0.95274,                0.79575,                 0.8781,                 0.5185,                0.46231,                0.35987,                0.36539,                0.87953,              0.0001286,              0.0001286,              0.0001286
                    157,                0.35872,                 0.3837,                0.25347,                0.81282,                0.99895,                0.82895,                0.92303,                0.82629,                0.93918,                0.78947,                0.87689,                0.52171,                0.45593,                0.34775,                0.36093,                0.86512,              0.0001236,              0.0001236,              0.0001236
                    158,                0.36272,                0.39761,                0.25472,                0.81102,                0.96924,                0.84211,                0.92187,                 0.8245,                0.92358,                0.80263,                0.87622,                 0.5218,                0.45612,                0.35073,                0.36321,                0.85916,             0.00011869,             0.00011869,             0.00011869
                    159,                0.35449,                0.38163,                0.25028,                0.80721,                0.98184,                0.84211,                0.92054,                0.82475,                0.93552,                0.80263,                0.87479,                0.52027,                0.46665,                0.35365,                0.36992,                0.85844,             0.00011387,             0.00011387,             0.00011387
                    160,                0.35776,                0.39849,                 0.2588,                0.81044,                0.98222,                0.84211,                0.91653,                0.82511,                0.93586,                0.80263,                0.87938,                0.51925,                0.46295,                0.35321,                0.37934,                0.85065,             0.00010916,             0.00010916,             0.00010916
                    161,                0.35908,                0.38352,                0.25395,                0.81274,                0.98015,                0.84211,                0.91214,                 0.8159,                0.93406,                0.80263,                0.87439,                0.51779,                0.46523,                0.35794,                0.38718,                0.85103,             0.00010454,             0.00010454,             0.00010454
                    162,                0.35627,                0.40494,                0.25545,                0.80325,                0.98041,                0.84211,                 0.9165,                0.81664,                0.94962,                0.81579,                0.89538,                0.52753,                0.46404,                0.35193,                0.37512,                0.84972,             0.00010002,             0.00010002,             0.00010002
                    163,                0.36135,                  0.408,                0.25599,                0.81761,                0.98461,                0.84206,                0.91438,                 0.8209,                0.93757,                0.80263,                0.87471,                0.52034,                0.46246,                 0.3487,                0.37451,                 0.8552,             9.5595e-05,             9.5595e-05,             9.5595e-05
                    164,                0.35146,                0.39863,                0.24905,                0.80407,                0.98448,                0.83455,                0.91446,                0.82318,                0.95344,                0.80844,                 0.8883,                0.52059,                0.46133,                0.35374,                0.36908,                0.85846,             9.1275e-05,             9.1275e-05,             9.1275e-05
                    165,                0.35675,                0.40302,                0.25101,                0.81122,                0.99136,                0.84211,                0.91566,                0.81485,                0.94489,                0.80263,                0.87379,                0.51734,                  0.464,                0.34577,                0.36842,                0.86088,             8.7058e-05,             8.7058e-05,             8.7058e-05
                    166,                 0.3513,                0.39664,                0.24958,                0.81373,                0.99726,                0.84211,                0.91793,                0.82125,                0.96569,                0.81579,                0.89717,                 0.5202,                0.46045,                0.34872,                0.36582,                0.86294,             8.2943e-05,             8.2943e-05,             8.2943e-05
                    167,                 0.3579,                0.39957,                0.25449,                  0.816,                0.98446,                0.83387,                0.91767,                0.81704,                0.95341,                0.80781,                0.88964,                0.52001,                0.45812,                 0.3521,                0.36555,                0.86388,             7.8933e-05,             7.8933e-05,             7.8933e-05
                    168,                0.36017,                0.43559,                0.26246,                 0.8187,                0.95161,                0.86842,                0.92125,                0.82177,                0.92187,                0.84211,                0.89119,                0.50954,                0.44955,                 0.3517,                0.36658,                0.85802,             7.5027e-05,             7.5027e-05,             7.5027e-05
                    169,                0.36663,                0.39714,                0.26104,                0.81135,                0.99593,                0.84211,                0.92165,                0.81786,                0.94826,                0.80263,                0.86903,                0.51052,                0.44599,                0.35388,                 0.3633,                0.85703,             7.1228e-05,             7.1228e-05,             7.1228e-05
                    170,                0.35484,                0.39672,                0.25491,                0.81203,                0.99192,                0.84211,                0.91901,                0.81544,                0.94542,                0.80263,                 0.8786,                0.51776,                 0.4518,                0.35476,                 0.3491,                0.86237,             6.7536e-05,             6.7536e-05,             6.7536e-05
                    171,                0.36199,                0.38154,                0.25104,                0.81496,                 0.9847,                0.84715,                 0.9151,                0.80884,                0.93925,                0.81373,                0.87696,                0.52445,                0.46209,                0.38971,                0.35093,                0.86524,             6.3952e-05,             6.3952e-05,             6.3952e-05
                    172,                0.37077,                0.43216,                0.26638,                0.81382,                0.98481,                0.85317,                0.91812,                0.81451,                0.93926,                0.81389,                0.88003,                0.52518,                0.45814,                0.35099,                0.35076,                0.86479,             6.0476e-05,             6.0476e-05,             6.0476e-05
                    173,                0.33954,                0.37343,                0.24611,                0.79827,                0.98389,                0.84211,                0.92176,                0.82064,                0.93777,                0.80263,                0.88023,                0.52247,                0.45796,                0.35207,                0.35044,                0.86417,             5.7111e-05,             5.7111e-05,             5.7111e-05
                    174,                0.34756,                0.37908,                0.25048,                0.80551,                0.98479,                0.85189,                0.92111,                0.81997,                0.95437,                0.82566,                 0.8985,                0.52101,                 0.4589,                0.35394,                0.36205,                0.85952,             5.3855e-05,             5.3855e-05,             5.3855e-05
                    175,                0.36459,                0.39632,                0.25524,                0.81213,                0.98482,                0.85385,                0.92198,                0.81501,                0.95448,                0.82768,                0.89984,                0.51906,                0.45871,                0.35286,                0.36435,                0.85928,             5.0711e-05,             5.0711e-05,             5.0711e-05
                    176,                 0.3417,                0.39975,                0.23722,                0.81588,                0.99051,                0.84211,                0.92389,                0.82249,                0.95929,                0.81579,                0.90311,                0.51819,                0.46478,                0.35258,                0.35645,                0.86494,              4.768e-05,              4.768e-05,              4.768e-05
